<?xml version="1.0"?>
<!-- 
  Alarm configuration
  Root: CODAC_AlarmHandler
  CODAC-VERSION: 6.3.1
  WARNING: This is an automatically generated file. PLEASE DO NOT MODIFY.
-->

 <config name="CODAC_AlarmHandler" >
     <component name="D1" >
         <component name="D1-J3" >
             <component name="D1-J3-F0" ></component>

             <component name="D1-J3-SYSM" >
                 <pv name="D1-J3-SYSM--:PLCMyplc-EVTHLTS" >
                     <description >Connection or frame of the communication for PLC Event is invalid</description>

                     <latching >true</latching>

                     <delay >0</delay>

                     <guidance >
                         <title >PLC Event communication failed</title>

                         <details >The connection for event to PLC was broken or the frame is not correct</details>
</guidance>

                     <guidance >
                         <title >Causes related to the alarm</title>

                         <details >Event Frame count update error (FRAMEC)
PLC Event communication broken (EVTSTAT)</details>
</guidance>

                     <guidance >
                         <title >Corrective action</title>

                         <details >Check whether the PLC is running\n Check whether network is ok\n Contact maintenance service (if needed)</details>
</guidance>

                     <display >
                         <title >PLC Event Comm. Alarm OPI</title>

                         <details >/opt/codac/opi/boy/resources/alarmpages/healthMonitoring/ITER-SYSM-EVTHLTS_Alarm.opi &quot;CBS1=D1, CBS2=J3, CTRLTYPE=P, PPPP=, NNNN=Myplc, TTT=PLC, PP=, ALARM_PV=D1-J3-SYSM--:PLCMyplc-EVTHLTS, ALARM_PATH=/CODAC_AlarmHandler/D1/D1-J3/D1-J3-SYSM, LEVEL=ITER-D1-J3-SYSM, ALARM_GUIDANCE1_TITLE=PLC Event communication failed, ALARM_GUIDANCE1_DETAILS=The connection for event to PLC was broken or the frame is not correct.&quot;</details>
</display>
</pv>

                 <pv name="D1-J3-SYSM--:PLCMyplc-PLCHLTS" >
                     <description >Connection or frame of the communication for PLC configuration and state is invalid</description>

                     <latching >true</latching>

                     <delay >0</delay>

                     <guidance >
                         <title >PLC communication failed</title>

                         <details >The connection for configuration and state to PLC was broken or the frame is not correct</details>
</guidance>

                     <guidance >
                         <title >Causes related to the alarm</title>

                         <details >Timestamp update error (TIME)
Data block header, footer or length mismatch (FERROR)
Data block version mismatch (FVERS)
Data block alive counter update error (ALIVEC)
Frame lost due (FLOST)
PLC communication broken (CFGSTAT)
Lost a redundant CPU (CPU0-ALIVE, CPU1-ALIVE)</details>
</guidance>

                     <guidance >
                         <title >Corrective action</title>

                         <details >Check whether the PLC is running\n Check whether network is ok\n Contact maintenance service (if needed)</details>
</guidance>

                     <display >
                         <title >PLC State Comm. Alarm OPI</title>

                         <details >/opt/codac/opi/boy/resources/alarmpages/healthMonitoring/ITER-SYSM-PLCHLTS_Alarm.opi &quot;CBS1=D1, CBS2=J3, PP=, NNNN=Myplc, TTT=PLC, PPPP=, ALARM_PV=D1-J3-SYSM--:PLCMyplc-PLCHLTS, ALARM_PATH=/CODAC_AlarmHandler/D1/D1-J3/D1-J3-SYSM, LEVEL=ITER-D1-J3-SYSM, ALARM_GUIDANCE1_TITLE=PLC communication failed, ALARM_GUIDANCE1_DETAILS=The connection for configuration and state to PLC is broken or the frame is not correct.&quot;</details>
</display>
</pv>

                 <pv name="D1-J3-SYSM--:PSHMypsh-SHLT" >
                     <description >Any one of CPU, MEM, Disk, FD, Process of the host is in alarm state</description>

                     <latching >true</latching>

                     <delay >0</delay>

                     <guidance >
                         <title >System is an abnormal state</title>

                         <details >Check the mentioned alarm load and identify the cause</details>
</guidance>

                     <guidance >
                         <title >System resources related to the alarm</title>

                         <details >1 - one of CPU, Disk, Memory, FD load is high or necessary process has been stopped
2 - two of CPU, Disk, Memory, FD load are high and/or necessary process has been stopped
3 - three of CPU, Disk, Memory, FD load are high and/or necessary process has been stopped</details>
</guidance>

                     <guidance >
                         <title >Corrective action</title>

                         <details >If any load remains high continuously, contact maintenance service.
                                        In addition, check if the necessary processes are running</details>
</guidance>

                     <guidance >
                         <title >Temporary actions to suppress</title>

                         <details >Change the alarm limits or severity for each load in alarm state.

  Ex1) alarm limits
	% caput D1-J3-SYSM--:PSHMypsh-CPUUTL.HIGH 90
	% caput D1-J3-SYSM--:PSHMypsh-CPUUTL.HIHI 100

  Ex2) alarm severity
	% caput D1-J3-SYSM--:PSHMypsh-MEMUTL.HSV NO_ALARM
	% caput D1-J3-SYSM--:PSHMypsh-MEMUTL.HHSV NO_ALARM</details>
</guidance>

                     <display >
                         <title >System Health Alarm OPI</title>

                         <details >/opt/codac/opi/boy/resources/alarmpages/healthMonitoring/ITER-SYSM-SHLT_Alarm.opi &quot;CBS=D1-J3-SYSM, PPPP=, PP=, TTT=PSH, NNNN=Mypsh, ALARM_PV=D1-J3-SYSM--:PSHMypsh-SHLT, ALARM_PATH=/CODAC_AlarmHandler/D1/D1-J3/D1-J3-SYSM, LEVEL=ITER-D1-J3-SYSM, ALARM_GUIDANCE1_TITLE=System resource utilization is high, ALARM_GUIDANCE1_DETAILS=Any one of CPU / MEM / Disk / FD / Process of the host is in alarm state. Check the mentioned alarm load and identify the cause. If any load remains high continuously contact maintenance service.&quot;</details>
</display>
</pv>

                 <pv name="D1-J3-SYSM--:PSHMypsh-SYSHLTS" >
                     <description >Any one of CPU, MEM, Disk or FD of the host is in alarm state</description>

                     <latching >true</latching>

                     <delay >0</delay>

                     <guidance >
                         <title >System resource utilization is high</title>

                         <details >Check the mentioned alarm load and identify the cause</details>
</guidance>

                     <guidance >
                         <title >System resources related to the alarm</title>

                         <details >1 - CPU utilization high (CPUUTL) : CPU utilization is high
2 - Memory utilization high (MEMUTL) : Memory utilization is high
3 - CPU, Mem util high (CPUUTL, MEMUTL) : CPU and Memory utilizations are high
4 - Disk utilization high (DISKUTL) : Disk utilizations are high
5 - CPU, Disk util high (CPUUTL,DISKUTL) : CPU and Disk utilizations are high
6 - Mem, Disk util high (MEMUTL,DISKUTL) : Memory and Disk utilizations are high
7 - CPU, Mem, Disk util high (CPUUTL,MEMUTL,DISKUTL) : CPU/Memory/Disk utilizations are high
8 - FD utilization high (FDUTL) : FD utilization is high
9 - CPU, FD util high (CPUUTL,FDUTL) : CPU and FD are in alarm state
10 - Mem, FD util high (MEMUTL,FDUTL) : Memory and FD are in alarm state
11 - CPU, Mem, FD alarm (CPUUTL,MEMUTL,FDUTL) : CPU/Memory/FD are in alarm state
12 - Disk, FD util high (DISKUTL,FDUTL) : Disk and FD are in alarm state
13 - CPU, Disk, FD alarm (CPUUTL,DISKUTL,FDUTL) : CPU/Disk/FD are in alarm state
14 - Mem, Disk, FD alarm (MEMUTL,DISKUTL,FDUTL) : Memory/Disk/FD are in alarm state
15 - CPU,Mem,Disk,FD alarm (CPUUTL,MEMUTL,DISKUTL,FDUTL) : CPU/Memory/Disk/FD alarm</details>
</guidance>

                     <guidance >
                         <title >Corrective action</title>

                         <details >If any load remains high continuously, contact maintenance service</details>
</guidance>

                     <guidance >
                         <title >Temporary actions to suppress</title>

                         <details >Change the alarm limits or severity for each load in alarm state.

  Ex1) alarm limits
	% caput D1-J3-SYSM--:PSHMypsh-CPUUTL.HIGH 90
	% caput D1-J3-SYSM--:PSHMypsh-CPUUTL.HIHI 100

  Ex2) alarm severity
	% caput D1-J3-SYSM--:PSHMypsh-MEMUTL.HSV NO_ALARM
	% caput D1-J3-SYSM--:PSHMypsh-MEMUTL.HHSV NO_ALARM</details>
</guidance>

                     <display >
                         <title >System Health Alarm OPI</title>

                         <details >/opt/codac/opi/boy/resources/alarmpages/healthMonitoring/ITER-SYSM-SYSHLTS_Alarm.opi &quot;CBS=D1-J3-SYSM, PPPP=, PP=, TTT=PSH, NNNN=Mypsh, ALARM_PV=D1-J3-SYSM--:PSHMypsh-SYSHLTS, ALARM_PATH=/CODAC_AlarmHandler/D1/D1-J3/D1-J3-SYSM, LEVEL=ITER-D1-J3-SYSM, ALARM_GUIDANCE1_TITLE=System resource utilization is high, ALARM_GUIDANCE1_DETAILS=Any one of CPU / MEM / Disk / FD of the host is in alarm state. Check the mentioned alarm load and identify the cause. If any load remains high continuously contact maintenance service.&quot;</details>
</display>
</pv>
</component>
</component>
</component>
</config>
