<?xml version="1.0" encoding="UTF-8" standalone="no"?>
<!-- 
  Archive Configuration
  Root: EngineConfig
  CODAC-VERSION: 6.3.1
  WARNING: This is an automatically generated file. PLEASE DO NOT MODIFY.
-->

 <engineconfig >
     <group >
         <name >D1-J3-SYSM</name>

         <channel >
             <name >D1-J3-SYSM--:PLCMyplc-CFGWRCNTR</name>

             <period >1.0</period>

             <monitor >0.0</monitor>
</channel>

         <channel >
             <name >D1-J3-SYSM--:PLCMyplc-EVTHLTS</name>

             <period >1.0</period>

             <monitor >0.0</monitor>
</channel>

         <channel >
             <name >D1-J3-SYSM--:PLCMyplc-PLCHLTS</name>

             <period >1.0</period>

             <monitor >0.0</monitor>
</channel>

         <channel >
             <name >D1-J3-SYSM--:PSHMypsh-BTIME</name>

             <period >1.0</period>

             <monitor >0.0</monitor>
</channel>

         <channel >
             <name >D1-J3-SYSM--:PSHMypsh-CCSV</name>

             <period >1.0</period>

             <monitor >0.0</monitor>
</channel>

         <channel >
             <name >D1-J3-SYSM--:PSHMypsh-CORE-DBDLC</name>

             <period >10.0</period>

             <monitor >0.0</monitor>
</channel>

         <channel >
             <name >D1-J3-SYSM--:PSHMypsh-CORE-DBRECC</name>

             <period >1.0</period>

             <monitor >0.0</monitor>
</channel>

         <channel >
             <name >D1-J3-SYSM--:PSHMypsh-CORE-STTOD</name>

             <period >1.0</period>

             <monitor >0.0</monitor>
</channel>

         <channel >
             <name >D1-J3-SYSM--:PSHMypsh-CPUUTL</name>

             <period >1.0</period>

             <monitor >0.0</monitor>
</channel>

         <channel >
             <name >D1-J3-SYSM--:PSHMypsh-DISKUTL</name>

             <period >1.0</period>

             <monitor >0.0</monitor>
</channel>

         <channel >
             <name >D1-J3-SYSM--:PSHMypsh-EPICSV</name>

             <period >1.0</period>

             <monitor >0.0</monitor>
</channel>

         <channel >
             <name >D1-J3-SYSM--:PSHMypsh-HOSTNAME</name>

             <period >1.0</period>

             <monitor >0.0</monitor>
</channel>

         <channel >
             <name >D1-J3-SYSM--:PSHMypsh-MEMUTL</name>

             <period >1.0</period>

             <monitor >0.0</monitor>
</channel>

         <channel >
             <name >D1-J3-SYSM--:PSHMypsh-NRBPS</name>

             <period >1.0</period>

             <monitor >0.0</monitor>
</channel>

         <channel >
             <name >D1-J3-SYSM--:PSHMypsh-NSBPS</name>

             <period >1.0</period>

             <monitor >0.0</monitor>
</channel>

         <channel >
             <name >D1-J3-SYSM--:PSHMypsh-PLC-DBDLC</name>

             <period >10.0</period>

             <monitor >0.0</monitor>
</channel>

         <channel >
             <name >D1-J3-SYSM--:PSHMypsh-PLC-DBRECC</name>

             <period >1.0</period>

             <monitor >0.0</monitor>
</channel>

         <channel >
             <name >D1-J3-SYSM--:PSHMypsh-PLC-STTOD</name>

             <period >1.0</period>

             <monitor >0.0</monitor>
</channel>

         <channel >
             <name >D1-J3-SYSM--:PSHMypsh-SHLT</name>

             <period >1.0</period>

             <monitor >0.0</monitor>
</channel>

         <channel >
             <name >D1-J3-SYSM--:PSHMypsh-SYSHLTS</name>

             <period >1.0</period>

             <monitor >0.0</monitor>
</channel>

         <channel >
             <name >D1-J3-SYSM--:PSHMypsh-SYSM-DBDLC</name>

             <period >10.0</period>

             <monitor >0.0</monitor>
</channel>

         <channel >
             <name >D1-J3-SYSM--:PSHMypsh-SYSM-DBRECC</name>

             <period >1.0</period>

             <monitor >0.0</monitor>
</channel>

         <channel >
             <name >D1-J3-SYSM--:PSHMypsh-SYSM-STTOD</name>

             <period >1.0</period>

             <monitor >0.0</monitor>
</channel>
</group>
</engineconfig>
