"Variable Name","Variable Type","Template Name","Instance Name"
"D1-J3-SYSM--:PSHMypsh-CORE-DBDLC","PONFROMCONVENTIONAL","iocmon","NULL"
"D1-J3-SYSM--:PSHMypsh-CORE-DBRECC","PONFROMCONVENTIONAL","iocmon","NULL"
"D1-J3-SYSM--:PSHMypsh-CORE-STTOD","PONFROMCONVENTIONAL","iocmon","NULL"
"D1-J3-SYSM--:PSHMypsh-CCSV","PONFROMCONVENTIONAL","sysmon","NULL"
"D1-J3-SYSM--:PSHMypsh-SYSHLTS","PONFROMCONVENTIONAL","sysmon","NULL"
"D1-J3-SYSM--:PSHMypsh-EPICSV","PONFROMCONVENTIONAL","sysmon","NULL"
"D1-J3-SYSM--:PSHMypsh-NSBPS","PONFROMCONVENTIONAL","sysmon","NULL"
"D1-J3-SYSM--:PSHMypsh-HOSTNAME","PONFROMCONVENTIONAL","sysmon","NULL"
"D1-J3-SYSM--:PSHMypsh-SHLT","PONFROMCONVENTIONAL","sysmon","NULL"
"D1-J3-SYSM--:PSHMypsh-BTIME","PONFROMCONVENTIONAL","sysmon","NULL"
"D1-J3-SYSM--:PSHMypsh-NRBPS","PONFROMCONVENTIONAL","sysmon","NULL"
"D1-J3-SYSM--:PSHMypsh-CPUUTL","PONFROMCONVENTIONAL","sysmon","NULL"
"D1-J3-SYSM--:PSHMypsh-DISKUTL","PONFROMCONVENTIONAL","sysmon","NULL"
"D1-J3-SYSM--:PSHMypsh-MEMUTL","PONFROMCONVENTIONAL","sysmon","NULL"
"D1-J3-SYSM--:PSHMypsh-SYSM-DBDLC","PONFROMCONVENTIONAL","iocmon","NULL"
"D1-J3-SYSM--:PSHMypsh-SYSM-DBRECC","PONFROMCONVENTIONAL","iocmon","NULL"
"D1-J3-SYSM--:PSHMypsh-SYSM-STTOD","PONFROMCONVENTIONAL","iocmon","NULL"
"D1-J3-SYSM--:PSHMypsh-PLC-DBRECC","PONFROMCONVENTIONAL","iocmon","NULL"
"D1-J3-SYSM--:PSHMypsh-PLC-DBDLC","PONFROMCONVENTIONAL","iocmon","NULL"
"D1-J3-SYSM--:PSHMypsh-PLC-STTOD","PONFROMCONVENTIONAL","iocmon","NULL"
"D1-J3-SYSM--:PLCMyplc-CFGWRCNTR","PONFROMCONVENTIONAL","s7plccom-asyn","NULL"
"D1-J3-SYSM--:PLCMyplc-PLCHLTS","PONFROMCONVENTIONAL","s7plccom-asyn","NULL"
"D1-J3-SYSM--:PLCMyplc-EVTHLTS","PONFROMCONVENTIONAL","s7plcevtcom-asyn","NULL"
