<?xml version="1.0" encoding="UTF-8" standalone="no"?>
<!-- 
  BOY Files Navigation
  CODAC-VERSION: 6.3.1
  WARNING: This is an SDD generated file. Contact codac-support for any query.
-->

<CBS xmlns:xi="http://www.w3.org/2001/XInclude" alarm_root="/CODAC_AlarmHandler/D1/D1-J3" deprecated="false" description="" enabled="true" name="J3" opi_file="./mimics/D1-J3_Mimic.opi LEVEL=ITER-D1-J3">
         
    <xi:include href="Navigation_D1-J3-SYSM.xml">
                 
        <xi:fallback/>
        
    </xi:include>
         
    <xi:include href="Navigation_D1-J3-SYSM.xml">
                 
        <xi:fallback/>
        
    </xi:include>
    
    <xi:include href="Navigation_D1-J3-F0.xml">
                 
        <xi:fallback/>
        
    </xi:include>
</CBS>

