<?xml version="1.0" encoding="UTF-8" standalone="no"?>
<!-- 
  BOY Files Navigation
  CODAC-VERSION: 6.3.1
  WARNING: This is an SDD generated file. Contact codac-support for any query.
-->

 <navigation xmlns:xi="http://www.w3.org/2001/XInclude" >
     <CBS name="ITER" description="ITER Global Supervision" enabled="true" opi_file="./templates/ITER_Mimic.opi LEVEL=ITER" deprecated="false" alarm_root="/CODAC_AlarmHandler" xmlns:xi="http://www.w3.org/2001/XInclude" >
         <xi:include href="Navigation_D1.xml" >
             <xi:fallback ></xi:fallback>
</xi:include>

         <CBS name="BUIL" description="Buildings, PBS{61,62,63,65,69,70}" enabled="false" opi_file="" deprecated="false" alarm_root="/CODAC_AlarmHandler/BUIL" xmlns:xi="http://www.w3.org/2001/XInclude" ></CBS>

         <CBS name="CRST" description="Cryostat, PBS{24,27}" enabled="false" opi_file="" deprecated="false" alarm_root="/CODAC_AlarmHandler/CRST" xmlns:xi="http://www.w3.org/2001/XInclude" ></CBS>

         <CBS name="CRYO" description="Cryogenics, PBS{11,34}" enabled="false" opi_file="" deprecated="false" alarm_root="/CODAC_AlarmHandler/CRYO" xmlns:xi="http://www.w3.org/2001/XInclude" ></CBS>

         <CBS name="CTRL" description="CODAC, PBS{45,46,47}" enabled="false" opi_file="" deprecated="false" alarm_root="/CODAC_AlarmHandler/CTRL" xmlns:xi="http://www.w3.org/2001/XInclude" ></CBS>

         <CBS name="CWS" description="Water Cooling, PBS{26}" enabled="false" opi_file="" deprecated="false" alarm_root="/CODAC_AlarmHandler/CWS" xmlns:xi="http://www.w3.org/2001/XInclude" ></CBS>

         <CBS name="D2" description="Diagnostics engineering systems including electrical power, cooling water, air, gases, vacuum, temperatures, PBS{55}" enabled="false" opi_file="" deprecated="false" alarm_root="/CODAC_AlarmHandler/D2" xmlns:xi="http://www.w3.org/2001/XInclude" ></CBS>

         <CBS name="DIA1" description="Diagnostics 1 &#8211; operation" enabled="false" opi_file="" deprecated="false" alarm_root="/CODAC_AlarmHandler/DIA1" xmlns:xi="http://www.w3.org/2001/XInclude" ></CBS>

         <CBS name="DIA2" description="Diagnostics 2 &#8211; physics" enabled="false" opi_file="" deprecated="false" alarm_root="/CODAC_AlarmHandler/DIA2" xmlns:xi="http://www.w3.org/2001/XInclude" ></CBS>

         <CBS name="EC" description="Electron Cyclotron Heating and CD, PBS{52}" enabled="false" opi_file="" deprecated="false" alarm_root="/CODAC_AlarmHandler/EC" xmlns:xi="http://www.w3.org/2001/XInclude" ></CBS>

         <CBS name="FUEL" description="Fuelling and Glow Discharges, PBS{18}" enabled="false" opi_file="" deprecated="false" alarm_root="/CODAC_AlarmHandler/FUEL" xmlns:xi="http://www.w3.org/2001/XInclude" ></CBS>

         <CBS name="HCRW" description="Hot Cell and Radwaste" enabled="false" opi_file="" deprecated="false" alarm_root="/CODAC_AlarmHandler/HCRW" xmlns:xi="http://www.w3.org/2001/XInclude" ></CBS>

         <CBS name="IC" description="Ion Cyclotron Heating and CD, PBS{51}" enabled="false" opi_file="" deprecated="false" alarm_root="/CODAC_AlarmHandler/IC" xmlns:xi="http://www.w3.org/2001/XInclude" ></CBS>

         <CBS name="MAG" description="Magnets, PBS{11,15,41}" enabled="false" opi_file="" deprecated="false" alarm_root="/CODAC_AlarmHandler/MAG" xmlns:xi="http://www.w3.org/2001/XInclude" ></CBS>

         <CBS name="NB" description="Neutral Beam Heating and CD, PBS{53}" enabled="false" opi_file="" deprecated="false" alarm_root="/CODAC_AlarmHandler/NB" xmlns:xi="http://www.w3.org/2001/XInclude" ></CBS>

         <CBS name="PFC" description="Plasma Facing Components, PBS{16,17,56}" enabled="false" opi_file="" deprecated="false" alarm_root="/CODAC_AlarmHandler/PFC" xmlns:xi="http://www.w3.org/2001/XInclude" ></CBS>

         <CBS name="PFCS" description="Plasma Facing Components, PBS{16,17,56}" enabled="false" opi_file="" deprecated="false" alarm_root="/CODAC_AlarmHandler/PFCS" xmlns:xi="http://www.w3.org/2001/XInclude" ></CBS>

         <CBS name="RAD" description="Radioactive Material Treatment, PBS{64,66}" enabled="false" opi_file="" deprecated="false" alarm_root="/CODAC_AlarmHandler/RAD" xmlns:xi="http://www.w3.org/2001/XInclude" ></CBS>

         <CBS name="RF" description="RF H&amp;CD, PBS{51,52}" enabled="false" opi_file="" deprecated="false" alarm_root="/CODAC_AlarmHandler/RF" xmlns:xi="http://www.w3.org/2001/XInclude" ></CBS>

         <CBS name="RH" description="Remote Handling, PBS{23,58}" enabled="false" opi_file="" deprecated="false" alarm_root="/CODAC_AlarmHandler/RH" xmlns:xi="http://www.w3.org/2001/XInclude" ></CBS>

         <CBS name="RW" description="Radioactive Material Treatment, PBS{66}" enabled="false" opi_file="" deprecated="false" alarm_root="/CODAC_AlarmHandler/RW" xmlns:xi="http://www.w3.org/2001/XInclude" ></CBS>

         <CBS name="SAFE" description="Safety, PBS{48,64}" enabled="false" opi_file="" deprecated="false" alarm_root="/CODAC_AlarmHandler/SAFE" xmlns:xi="http://www.w3.org/2001/XInclude" ></CBS>

         <CBS name="TEST" description="Sandbox for testing purposes" enabled="false" opi_file="" deprecated="false" alarm_root="/CODAC_AlarmHandler/TEST" xmlns:xi="http://www.w3.org/2001/XInclude" ></CBS>

         <CBS name="TRIT" description="Tritium Plant, PBS{32}" enabled="false" opi_file="" deprecated="false" alarm_root="/CODAC_AlarmHandler/TRIT" xmlns:xi="http://www.w3.org/2001/XInclude" ></CBS>

         <CBS name="UTIL" description="Utilities, PBS{41,43,65}" enabled="false" opi_file="" deprecated="false" alarm_root="/CODAC_AlarmHandler/UTIL" xmlns:xi="http://www.w3.org/2001/XInclude" ></CBS>

         <CBS name="VAC" description="Vacuum, PBS{31}" enabled="false" opi_file="" deprecated="false" alarm_root="/CODAC_AlarmHandler/VAC" xmlns:xi="http://www.w3.org/2001/XInclude" ></CBS>

         <CBS name="VACP" description="Vacuum" enabled="false" opi_file="" deprecated="false" alarm_root="/CODAC_AlarmHandler/VACP" xmlns:xi="http://www.w3.org/2001/XInclude" ></CBS>

         <CBS name="VV" description="Vacuum Vessel, PBS{15,24}" enabled="false" opi_file="" deprecated="false" alarm_root="/CODAC_AlarmHandler/VV" xmlns:xi="http://www.w3.org/2001/XInclude" ></CBS>
</CBS>
</navigation>
